{"cameraMode":{"drawMode":0,"name":"Shaded","section":"Shading Mode"},"sceneLighting":true,"audioPlay":false,"sceneViewState":{"m_AlwaysRefresh":false,"showFog":true,"showSkybox":true,"showFlares":true,"showImageEffects":true,"showParticleSystems":true,"showVisualEffectGraphs":true,"m_FxEnabled":true},"in2DMode":false,"pivot":{"x":1.0346945524215699,"y":11.729381561279297,"z":16.387897491455079},"rotation":{"x":-0.07592066377401352,"y":0.8106652498245239,"z":-0.10788895189762116,"w":-0.5704571604728699},"size":3.788689613342285,"orthographic":true}